<?xml version='1.0' encoding='utf-8'?>
<!DOCTYPE score-partwise PUBLIC "-//Recordare//DTD MusicXML 3.0 Partwise//EN" "http://www.musicxml.org/dtds/partwise.dtd">
<score-partwise>
  <work>
    <work-title>4 - Sarabande</work-title>
  </work>
  <identification>
    <encoding>
      <encoder>abc2xml version 245</encoder>
      <encoding-date>2025-08-17</encoding-date>
    </encoding>
  </identification>
  <part-list>
    <score-part id="P1">
      <part-name />
      <score-instrument id="I1-1">
        <instrument-name>dummy</instrument-name>
      </score-instrument>
      <score-instrument id="I1-2">
        <instrument-name>dummy</instrument-name>
      </score-instrument>
      <score-instrument id="I1-3">
        <instrument-name>dummy</instrument-name>
      </score-instrument>
      <midi-instrument id="I1-1">
        <midi-channel>1</midi-channel>
        <midi-program>43</midi-program>
      </midi-instrument>
      <midi-instrument id="I1-2">
        <midi-channel>2</midi-channel>
        <midi-program>43</midi-program>
      </midi-instrument>
      <midi-instrument id="I1-3">
        <midi-channel>3</midi-channel>
        <midi-program>43</midi-program>
      </midi-instrument>
    </score-part>
  </part-list>
  <part id="P1">
    <measure number="1">
      <direction placement="above">
        <direction-type>
          <metronome>
            <beat-unit>half</beat-unit>
            <per-minute>44</per-minute>
          </metronome>
        </direction-type>
        <sound tempo="88.00" />
      </direction>
      <attributes>
        <divisions>120</divisions>
        <key>
          <fifths>2</fifths>
          <mode>major</mode>
        </key>
        <time>
          <beats>3</beats>
          <beat-type>2</beat-type>
        </time>
        <clef>
          <sign>C</sign>
          <line>3</line>
        </clef>
        <clef>
          <sign>C</sign>
          <line>3</line>
        </clef>
      </attributes>
      <direction placement="above">
        <direction-type>
          <metronome>
            <beat-unit>half</beat-unit>
            <per-minute>44</per-minute>
          </metronome>
        </direction-type>
        <sound tempo="88.00" />
      </direction>
      <note>
        <pitch>
          <step>D</step>
          <octave>3</octave>
        </pitch>
        <duration>240</duration>
        <instrument id="I1-1" />
        <voice>1</voice>
        <type>half</type>
      </note>
      <note>
        <chord />
        <pitch>
          <step>A</step>
          <octave>3</octave>
        </pitch>
        <duration>240</duration>
        <instrument id="I1-1" />
        <voice>1</voice>
        <type>half</type>
      </note>
      <note>
        <chord />
        <pitch>
          <step>F</step>
          <alter>1</alter>
          <octave>4</octave>
        </pitch>
        <duration>240</duration>
        <instrument id="I1-1" />
        <voice>1</voice>
        <type>half</type>
      </note>
      <note>
        <pitch>
          <step>A</step>
          <octave>3</octave>
        </pitch>
        <duration>360</duration>
        <instrument id="I1-1" />
        <voice>1</voice>
        <type>half</type>
        <dot />
      </note>
      <note>
        <chord />
        <pitch>
          <step>F</step>
          <alter>1</alter>
          <octave>4</octave>
        </pitch>
        <duration>360</duration>
        <instrument id="I1-1" />
        <voice>1</voice>
        <type>half</type>
        <dot />
      </note>
      <note>
        <pitch>
          <step>G</step>
          <octave>4</octave>
        </pitch>
        <duration>120</duration>
        <instrument id="I1-1" />
        <voice>1</voice>
        <type>quarter</type>
      </note>
    </measure>
    <measure number="2">
      <note>
        <pitch>
          <step>E</step>
          <octave>4</octave>
        </pitch>
        <duration>120</duration>
        <instrument id="I1-1" />
        <voice>1</voice>
        <type>quarter</type>
        <notations>
          <slur number="1" type="start" />
        </notations>
      </note>
      <note>
        <pitch>
          <step>C</step>
          <alter>1</alter>
          <octave>4</octave>
        </pitch>
        <duration>120</duration>
        <instrument id="I1-1" />
        <voice>1</voice>
        <type>quarter</type>
        <notations>
          <slur number="1" type="stop" />
        </notations>
      </note>
      <note>
        <pitch>
          <step>F</step>
          <alter>1</alter>
          <octave>3</octave>
        </pitch>
        <duration>360</duration>
        <instrument id="I1-1" />
        <voice>1</voice>
        <type>half</type>
        <dot />
      </note>
      <note>
        <chord />
        <pitch>
          <step>D</step>
          <octave>4</octave>
        </pitch>
        <duration>360</duration>
        <instrument id="I1-1" />
        <voice>1</voice>
        <type>half</type>
        <dot />
      </note>
      <note>
        <pitch>
          <step>B</step>
          <octave>4</octave>
        </pitch>
        <duration>120</duration>
        <instrument id="I1-1" />
        <voice>1</voice>
        <type>quarter</type>
      </note>
      <backup>
        <duration>720</duration>
      </backup>
      <note>
        <pitch>
          <step>G</step>
          <octave>2</octave>
        </pitch>
        <duration>240</duration>
        <instrument id="I1-2" />
        <voice>2</voice>
        <type>half</type>
      </note>
      <note>
        <chord />
        <pitch>
          <step>G</step>
          <octave>3</octave>
        </pitch>
        <duration>240</duration>
        <instrument id="I1-2" />
        <voice>2</voice>
        <type>half</type>
      </note>
      <note print-object="no">
        <rest />
        <duration>360</duration>
        <voice>2</voice>
        <type>half</type>
        <dot />
      </note>
      <note print-object="no">
        <rest />
        <duration>120</duration>
        <voice>2</voice>
        <type>quarter</type>
      </note>
    </measure>
    <measure number="3">
      <note>
        <pitch>
          <step>A</step>
          <octave>4</octave>
        </pitch>
        <duration>120</duration>
        <instrument id="I1-1" />
        <voice>1</voice>
        <type>quarter</type>
        <notations>
          <slur number="1" type="start" />
        </notations>
      </note>
      <note>
        <pitch>
          <step>F</step>
          <alter>1</alter>
          <octave>4</octave>
        </pitch>
        <duration>120</duration>
        <instrument id="I1-1" />
        <voice>1</voice>
        <type>quarter</type>
        <notations>
          <slur number="1" type="stop" />
        </notations>
      </note>
      <note>
        <pitch>
          <step>E</step>
          <octave>3</octave>
        </pitch>
        <duration>360</duration>
        <instrument id="I1-1" />
        <voice>1</voice>
        <type>half</type>
        <dot />
      </note>
      <note>
        <chord />
        <pitch>
          <step>C</step>
          <alter>1</alter>
          <octave>4</octave>
        </pitch>
        <duration>360</duration>
        <instrument id="I1-1" />
        <voice>1</voice>
        <type>half</type>
        <dot />
      </note>
      <note>
        <chord />
        <pitch>
          <step>G</step>
          <octave>4</octave>
        </pitch>
        <duration>360</duration>
        <instrument id="I1-1" />
        <voice>1</voice>
        <type>half</type>
        <dot />
      </note>
      <note>
        <pitch>
          <step>A</step>
          <octave>4</octave>
        </pitch>
        <duration>120</duration>
        <instrument id="I1-1" />
        <voice>1</voice>
        <type>quarter</type>
      </note>
      <backup>
        <duration>720</duration>
      </backup>
      <note>
        <pitch>
          <step>A</step>
          <octave>2</octave>
        </pitch>
        <duration>240</duration>
        <instrument id="I1-2" />
        <voice>2</voice>
        <type>half</type>
      </note>
      <note>
        <chord />
        <pitch>
          <step>F</step>
          <alter>1</alter>
          <octave>3</octave>
        </pitch>
        <duration>240</duration>
        <instrument id="I1-2" />
        <voice>2</voice>
        <type>half</type>
      </note>
      <note>
        <chord />
        <pitch>
          <step>D</step>
          <octave>4</octave>
        </pitch>
        <duration>240</duration>
        <instrument id="I1-2" />
        <voice>2</voice>
        <type>half</type>
      </note>
      <note print-object="no">
        <rest />
        <duration>360</duration>
        <voice>2</voice>
        <type>half</type>
        <dot />
      </note>
      <note print-object="no">
        <rest />
        <duration>120</duration>
        <voice>2</voice>
        <type>quarter</type>
      </note>
    </measure>
    <measure number="4">
      <note>
        <pitch>
          <step>G</step>
          <octave>4</octave>
        </pitch>
        <duration>120</duration>
        <instrument id="I1-1" />
        <voice>1</voice>
        <type>quarter</type>
        <notations>
          <slur number="1" type="start" />
        </notations>
      </note>
      <note>
        <pitch>
          <step>F</step>
          <alter>1</alter>
          <octave>4</octave>
        </pitch>
        <duration>120</duration>
        <instrument id="I1-1" />
        <voice>1</voice>
        <type>quarter</type>
        <notations>
          <slur number="1" type="stop" />
        </notations>
      </note>
      <note>
        <pitch>
          <step>G</step>
          <octave>4</octave>
        </pitch>
        <duration>120</duration>
        <instrument id="I1-1" />
        <voice>1</voice>
        <type>quarter</type>
        <notations>
          <slur number="1" type="start" />
        </notations>
      </note>
      <note>
        <pitch>
          <step>E</step>
          <octave>4</octave>
        </pitch>
        <duration>120</duration>
        <instrument id="I1-1" />
        <voice>1</voice>
        <type>quarter</type>
        <notations>
          <slur number="1" type="stop" />
        </notations>
      </note>
      <note>
        <pitch>
          <step>F</step>
          <alter>1</alter>
          <octave>4</octave>
        </pitch>
        <duration>240</duration>
        <instrument id="I1-1" />
        <voice>1</voice>
        <type>half</type>
      </note>
      <backup>
        <duration>720</duration>
      </backup>
      <note>
        <pitch>
          <step>D</step>
          <octave>3</octave>
        </pitch>
        <duration>240</duration>
        <instrument id="I1-2" />
        <voice>2</voice>
        <type>half</type>
      </note>
      <note>
        <chord />
        <pitch>
          <step>A</step>
          <octave>3</octave>
        </pitch>
        <duration>240</duration>
        <instrument id="I1-2" />
        <voice>2</voice>
        <type>half</type>
      </note>
      <note print-object="no">
        <rest />
        <duration>480</duration>
        <voice>2</voice>
        <type>whole</type>
      </note>
    </measure>
    <measure number="5">
      <note>
        <pitch>
          <step>B</step>
          <octave>2</octave>
        </pitch>
        <duration>240</duration>
        <instrument id="I1-1" />
        <voice>1</voice>
        <type>half</type>
      </note>
      <note>
        <chord />
        <pitch>
          <step>D</step>
          <octave>3</octave>
        </pitch>
        <duration>240</duration>
        <instrument id="I1-1" />
        <voice>1</voice>
        <type>half</type>
      </note>
      <note>
        <chord />
        <pitch>
          <step>B</step>
          <octave>3</octave>
        </pitch>
        <duration>240</duration>
        <instrument id="I1-1" />
        <voice>1</voice>
        <type>half</type>
      </note>
      <note>
        <chord />
        <pitch>
          <step>F</step>
          <alter>1</alter>
          <octave>4</octave>
        </pitch>
        <duration>240</duration>
        <instrument id="I1-1" />
        <voice>1</voice>
        <type>half</type>
      </note>
      <note>
        <pitch>
          <step>D</step>
          <octave>4</octave>
        </pitch>
        <duration>360</duration>
        <instrument id="I1-1" />
        <voice>1</voice>
        <type>half</type>
        <dot />
      </note>
      <note>
        <chord />
        <pitch>
          <step>G</step>
          <alter>1</alter>
          <octave>4</octave>
        </pitch>
        <duration>360</duration>
        <instrument id="I1-1" />
        <voice>1</voice>
        <type>half</type>
        <dot />
        <accidental>sharp</accidental>
      </note>
      <note>
        <pitch>
          <step>A</step>
          <octave>4</octave>
        </pitch>
        <duration>120</duration>
        <instrument id="I1-1" />
        <voice>1</voice>
        <type>quarter</type>
      </note>
    </measure>
    <measure number="6">
      <note>
        <pitch>
          <step>D</step>
          <octave>4</octave>
        </pitch>
        <duration>120</duration>
        <instrument id="I1-1" />
        <voice>1</voice>
        <type>quarter</type>
        <notations>
          <slur number="1" type="start" />
        </notations>
      </note>
      <note>
        <chord />
        <pitch>
          <step>B</step>
          <octave>4</octave>
        </pitch>
        <duration>120</duration>
        <instrument id="I1-1" />
        <voice>1</voice>
        <type>quarter</type>
      </note>
      <note>
        <pitch>
          <step>C</step>
          <alter>1</alter>
          <octave>4</octave>
        </pitch>
        <duration>120</duration>
        <instrument id="I1-1" />
        <voice>1</voice>
        <type>quarter</type>
        <notations>
          <slur number="1" type="stop" />
        </notations>
      </note>
      <note>
        <pitch>
          <step>D</step>
          <octave>4</octave>
        </pitch>
        <duration>360</duration>
        <instrument id="I1-1" />
        <voice>1</voice>
        <type>half</type>
        <dot />
      </note>
      <note>
        <pitch>
          <step>E</step>
          <octave>4</octave>
        </pitch>
        <duration>120</duration>
        <instrument id="I1-1" />
        <voice>1</voice>
        <type>quarter</type>
      </note>
      <attributes>
        <clef>
          <sign>F</sign>
          <line>4</line>
        </clef>
      </attributes>
      <backup>
        <duration>720</duration>
      </backup>
      <note>
        <pitch>
          <step>G</step>
          <alter>1</alter>
          <octave>3</octave>
        </pitch>
        <duration>240</duration>
        <instrument id="I1-2" />
        <voice>2</voice>
        <type>half</type>
        <accidental>sharp</accidental>
      </note>
      <note>
        <chord />
        <pitch>
          <step>E</step>
          <octave>3</octave>
        </pitch>
        <duration>240</duration>
        <instrument id="I1-2" />
        <voice>2</voice>
        <type>half</type>
      </note>
      <note>
        <pitch>
          <step>E</step>
          <octave>3</octave>
        </pitch>
        <duration>360</duration>
        <instrument id="I1-2" />
        <voice>2</voice>
        <type>half</type>
        <dot />
      </note>
      <note print-object="no">
        <rest />
        <duration>120</duration>
        <voice>2</voice>
        <type>quarter</type>
      </note>
    </measure>
    <measure number="7">
      <note>
        <pitch>
          <step>D</step>
          <octave>4</octave>
        </pitch>
        <duration>120</duration>
        <instrument id="I1-1" />
        <voice>1</voice>
        <type>quarter</type>
        <notations>
          <slur number="1" type="start" />
        </notations>
      </note>
      <note>
        <pitch>
          <step>C</step>
          <alter>1</alter>
          <octave>4</octave>
        </pitch>
        <duration>120</duration>
        <instrument id="I1-1" />
        <voice>1</voice>
        <type>quarter</type>
        <notations>
          <slur number="1" type="stop" />
        </notations>
      </note>
      <note>
        <pitch>
          <step>C</step>
          <alter>1</alter>
          <octave>4</octave>
        </pitch>
        <duration>120</duration>
        <instrument id="I1-1" />
        <voice>1</voice>
        <type>quarter</type>
        <notations>
          <slur number="1" type="start" />
        </notations>
      </note>
      <note>
        <pitch>
          <step>B</step>
          <octave>3</octave>
        </pitch>
        <duration>120</duration>
        <instrument id="I1-1" />
        <voice>1</voice>
        <type>quarter</type>
        <notations>
          <slur number="1" type="stop" />
        </notations>
      </note>
      <note>
        <pitch>
          <step>B</step>
          <octave>3</octave>
        </pitch>
        <duration>120</duration>
        <instrument id="I1-1" />
        <voice>1</voice>
        <type>quarter</type>
        <notations>
          <slur number="1" type="start" />
        </notations>
      </note>
      <note>
        <pitch>
          <step>D</step>
          <octave>4</octave>
        </pitch>
        <duration>120</duration>
        <instrument id="I1-1" />
        <voice>1</voice>
        <type>quarter</type>
        <notations>
          <slur number="1" type="stop" />
        </notations>
      </note>
      <backup>
        <duration>720</duration>
      </backup>
      <note>
        <pitch>
          <step>A</step>
          <octave>2</octave>
        </pitch>
        <duration>240</duration>
        <instrument id="I1-2" />
        <voice>2</voice>
        <type>half</type>
      </note>
      <note>
        <chord />
        <pitch>
          <step>E</step>
          <octave>3</octave>
        </pitch>
        <duration>240</duration>
        <instrument id="I1-2" />
        <voice>2</voice>
        <type>half</type>
      </note>
      <note>
        <pitch>
          <step>D</step>
          <octave>3</octave>
        </pitch>
        <duration>240</duration>
        <instrument id="I1-2" />
        <voice>2</voice>
        <type>half</type>
      </note>
      <note>
        <pitch>
          <step>E</step>
          <octave>3</octave>
        </pitch>
        <duration>240</duration>
        <instrument id="I1-2" />
        <voice>2</voice>
        <type>half</type>
      </note>
    </measure>
    <measure number="8">
      <note>
        <pitch>
          <step>D</step>
          <octave>4</octave>
        </pitch>
        <duration>120</duration>
        <instrument id="I1-1" />
        <voice>1</voice>
        <type>quarter</type>
        <notations>
          <slur number="1" type="start" />
        </notations>
      </note>
      <note>
        <pitch>
          <step>C</step>
          <alter>1</alter>
          <octave>4</octave>
        </pitch>
        <duration>120</duration>
        <instrument id="I1-1" />
        <voice>1</voice>
        <type>quarter</type>
        <notations>
          <slur number="1" type="stop" />
        </notations>
      </note>
      <note>
        <pitch>
          <step>C</step>
          <alter>1</alter>
          <octave>4</octave>
        </pitch>
        <duration>480</duration>
        <instrument id="I1-1" />
        <voice>1</voice>
        <type>whole</type>
      </note>
      <barline location="right">
        <bar-style>light-heavy</bar-style>
        <repeat direction="backward" />
      </barline>
      <backup>
        <duration>720</duration>
      </backup>
      <note>
        <pitch>
          <step>A</step>
          <octave>2</octave>
        </pitch>
        <duration>240</duration>
        <instrument id="I1-2" />
        <voice>2</voice>
        <type>half</type>
      </note>
      <note>
        <chord />
        <pitch>
          <step>E</step>
          <octave>3</octave>
        </pitch>
        <duration>240</duration>
        <instrument id="I1-2" />
        <voice>2</voice>
        <type>half</type>
      </note>
      <note print-object="no">
        <rest />
        <duration>480</duration>
        <voice>2</voice>
        <type>whole</type>
      </note>
      <barline location="right">
        <bar-style>light-heavy</bar-style>
        <repeat direction="backward" />
      </barline>
    </measure>
    <measure number="9">
      <barline location="left">
        <bar-style>heavy-light</bar-style>
        <repeat direction="forward" />
      </barline>
      <note>
        <pitch>
          <step>A</step>
          <octave>2</octave>
        </pitch>
        <duration>240</duration>
        <instrument id="I1-1" />
        <voice>1</voice>
        <type>half</type>
      </note>
      <note>
        <chord />
        <pitch>
          <step>E</step>
          <octave>3</octave>
        </pitch>
        <duration>240</duration>
        <instrument id="I1-1" />
        <voice>1</voice>
        <type>half</type>
      </note>
      <note>
        <chord />
        <pitch>
          <step>C</step>
          <alter>1</alter>
          <octave>4</octave>
        </pitch>
        <duration>240</duration>
        <instrument id="I1-1" />
        <voice>1</voice>
        <type>half</type>
      </note>
      <note>
        <chord />
        <pitch>
          <step>E</step>
          <octave>4</octave>
        </pitch>
        <duration>240</duration>
        <instrument id="I1-1" />
        <voice>1</voice>
        <type>half</type>
      </note>
      <note>
        <pitch>
          <step>G</step>
          <octave>2</octave>
        </pitch>
        <duration>360</duration>
        <instrument id="I1-1" />
        <voice>1</voice>
        <type>half</type>
        <dot />
      </note>
      <note>
        <chord />
        <pitch>
          <step>E</step>
          <octave>3</octave>
        </pitch>
        <duration>360</duration>
        <instrument id="I1-1" />
        <voice>1</voice>
        <type>half</type>
        <dot />
      </note>
      <note>
        <chord />
        <pitch>
          <step>C</step>
          <alter>1</alter>
          <octave>4</octave>
        </pitch>
        <duration>360</duration>
        <instrument id="I1-1" />
        <voice>1</voice>
        <type>half</type>
        <dot />
      </note>
      <note>
        <chord />
        <pitch>
          <step>E</step>
          <octave>4</octave>
        </pitch>
        <duration>360</duration>
        <instrument id="I1-1" />
        <voice>1</voice>
        <type>half</type>
        <dot />
      </note>
      <note>
        <pitch>
          <step>E</step>
          <octave>4</octave>
        </pitch>
        <duration>120</duration>
        <instrument id="I1-1" />
        <voice>1</voice>
        <type>quarter</type>
      </note>
    </measure>
    <measure number="10">
      <note>
        <pitch>
          <step>F</step>
          <alter>1</alter>
          <octave>3</octave>
        </pitch>
        <duration>120</duration>
        <instrument id="I1-1" />
        <voice>1</voice>
        <type>quarter</type>
        <notations>
          <slur number="1" type="start" />
        </notations>
      </note>
      <note>
        <chord />
        <pitch>
          <step>A</step>
          <octave>3</octave>
        </pitch>
        <duration>120</duration>
        <instrument id="I1-1" />
        <voice>1</voice>
        <type>quarter</type>
      </note>
      <note>
        <chord />
        <pitch>
          <step>E</step>
          <octave>4</octave>
        </pitch>
        <duration>120</duration>
        <instrument id="I1-1" />
        <voice>1</voice>
        <type>quarter</type>
      </note>
      <note>
        <pitch>
          <step>C</step>
          <alter>1</alter>
          <octave>4</octave>
        </pitch>
        <duration>120</duration>
        <instrument id="I1-1" />
        <voice>1</voice>
        <type>quarter</type>
        <notations>
          <slur number="1" type="stop" />
        </notations>
      </note>
      <note>
        <pitch>
          <step>D</step>
          <alter>1</alter>
          <octave>4</octave>
        </pitch>
        <duration>120</duration>
        <instrument id="I1-1" />
        <voice>1</voice>
        <type>quarter</type>
        <accidental>sharp</accidental>
      </note>
      <note>
        <pitch>
          <step>A</step>
          <octave>3</octave>
        </pitch>
        <duration>60</duration>
        <instrument id="I1-1" />
        <voice>1</voice>
        <type>eighth</type>
        <beam number="1">begin</beam>
      </note>
      <note>
        <pitch>
          <step>B</step>
          <octave>3</octave>
        </pitch>
        <duration>60</duration>
        <instrument id="I1-1" />
        <voice>1</voice>
        <type>eighth</type>
        <beam number="1">end</beam>
      </note>
      <note>
        <pitch>
          <step>C</step>
          <alter>0</alter>
          <octave>4</octave>
        </pitch>
        <duration>120</duration>
        <instrument id="I1-1" />
        <voice>1</voice>
        <type>quarter</type>
        <accidental>natural</accidental>
      </note>
      <note>
        <pitch>
          <step>E</step>
          <octave>3</octave>
        </pitch>
        <duration>120</duration>
        <instrument id="I1-1" />
        <voice>1</voice>
        <type>quarter</type>
      </note>
      <attributes>
        <clef>
          <sign>C</sign>
          <line>3</line>
        </clef>
      </attributes>
    </measure>
    <measure number="11">
      <note>
        <pitch>
          <step>D</step>
          <alter>1</alter>
          <octave>3</octave>
        </pitch>
        <duration>120</duration>
        <instrument id="I1-1" />
        <voice>1</voice>
        <type>quarter</type>
        <accidental>sharp</accidental>
      </note>
      <note>
        <chord />
        <pitch>
          <step>C</step>
          <alter>0</alter>
          <octave>4</octave>
        </pitch>
        <duration>120</duration>
        <instrument id="I1-1" />
        <voice>1</voice>
        <type>quarter</type>
        <accidental>natural</accidental>
        <notations>
          <slur number="1" type="start" />
        </notations>
      </note>
      <note>
        <chord />
        <pitch>
          <step>F</step>
          <alter>1</alter>
          <octave>4</octave>
        </pitch>
        <duration>120</duration>
        <instrument id="I1-1" />
        <voice>1</voice>
        <type>quarter</type>
      </note>
      <note>
        <pitch>
          <step>A</step>
          <octave>3</octave>
        </pitch>
        <duration>120</duration>
        <instrument id="I1-1" />
        <voice>1</voice>
        <type>quarter</type>
        <notations>
          <slur number="1" type="stop" />
        </notations>
      </note>
      <note>
        <pitch>
          <step>B</step>
          <octave>3</octave>
        </pitch>
        <duration>120</duration>
        <instrument id="I1-1" />
        <voice>1</voice>
        <type>quarter</type>
      </note>
      <note>
        <pitch>
          <step>F</step>
          <alter>1</alter>
          <octave>4</octave>
        </pitch>
        <duration>60</duration>
        <instrument id="I1-1" />
        <voice>1</voice>
        <type>eighth</type>
        <beam number="1">begin</beam>
        <notations>
          <slur number="1" type="start" />
        </notations>
      </note>
      <note>
        <pitch>
          <step>G</step>
          <octave>4</octave>
        </pitch>
        <duration>60</duration>
        <instrument id="I1-1" />
        <voice>1</voice>
        <type>eighth</type>
        <beam number="1">end</beam>
        <notations>
          <slur number="1" type="stop" />
        </notations>
      </note>
      <note>
        <pitch>
          <step>A</step>
          <octave>4</octave>
        </pitch>
        <duration>120</duration>
        <instrument id="I1-1" />
        <voice>1</voice>
        <type>quarter</type>
      </note>
      <note>
        <pitch>
          <step>D</step>
          <alter>1</alter>
          <octave>3</octave>
        </pitch>
        <duration>120</duration>
        <instrument id="I1-1" />
        <voice>1</voice>
        <type>quarter</type>
        <accidental>sharp</accidental>
      </note>
    </measure>
    <measure number="12">
      <note>
        <pitch>
          <step>A</step>
          <octave>4</octave>
        </pitch>
        <duration>120</duration>
        <instrument id="I1-1" />
        <voice>1</voice>
        <type>quarter</type>
        <notations>
          <slur number="1" type="start" />
        </notations>
      </note>
      <note>
        <pitch>
          <step>F</step>
          <alter>1</alter>
          <octave>4</octave>
        </pitch>
        <duration>120</duration>
        <instrument id="I1-1" />
        <voice>1</voice>
        <type>quarter</type>
        <notations>
          <slur number="1" type="stop" />
        </notations>
      </note>
      <note>
        <pitch>
          <step>B</step>
          <octave>3</octave>
        </pitch>
        <duration>360</duration>
        <instrument id="I1-1" />
        <voice>1</voice>
        <type>half</type>
        <dot />
      </note>
      <note>
        <chord />
        <pitch>
          <step>G</step>
          <octave>4</octave>
        </pitch>
        <duration>360</duration>
        <instrument id="I1-1" />
        <voice>1</voice>
        <type>half</type>
        <dot />
      </note>
      <note>
        <pitch>
          <step>G</step>
          <octave>4</octave>
        </pitch>
        <duration>120</duration>
        <instrument id="I1-1" />
        <voice>1</voice>
        <type>quarter</type>
      </note>
      <backup>
        <duration>720</duration>
      </backup>
      <note>
        <pitch>
          <step>E</step>
          <octave>3</octave>
        </pitch>
        <duration>240</duration>
        <instrument id="I1-2" />
        <voice>2</voice>
        <type>half</type>
      </note>
      <note>
        <chord />
        <pitch>
          <step>B</step>
          <octave>3</octave>
        </pitch>
        <duration>240</duration>
        <instrument id="I1-2" />
        <voice>2</voice>
        <type>half</type>
      </note>
      <note print-object="no">
        <rest />
        <duration>360</duration>
        <voice>2</voice>
        <type>half</type>
        <dot />
      </note>
      <note print-object="no">
        <rest />
        <duration>120</duration>
        <voice>2</voice>
        <type>quarter</type>
      </note>
    </measure>
    <measure number="13">
      <note>
        <pitch>
          <step>G</step>
          <octave>4</octave>
        </pitch>
        <duration>120</duration>
        <instrument id="I1-1" />
        <voice>1</voice>
        <type>quarter</type>
        <notations>
          <slur number="1" type="start" />
        </notations>
      </note>
      <note>
        <pitch>
          <step>F</step>
          <alter>1</alter>
          <octave>4</octave>
        </pitch>
        <duration>120</duration>
        <instrument id="I1-1" />
        <voice>1</voice>
        <type>quarter</type>
        <notations>
          <slur number="1" type="stop" />
        </notations>
      </note>
      <note>
        <pitch>
          <step>C</step>
          <alter>0</alter>
          <octave>5</octave>
        </pitch>
        <duration>240</duration>
        <instrument id="I1-1" />
        <voice>1</voice>
        <type>half</type>
        <accidental>natural</accidental>
      </note>
      <note print-object="no">
        <rest />
        <duration>240</duration>
        <voice>1</voice>
        <type>half</type>
      </note>
      <backup>
        <duration>720</duration>
      </backup>
      <note>
        <pitch>
          <step>A</step>
          <octave>3</octave>
        </pitch>
        <duration>360</duration>
        <instrument id="I1-2" />
        <voice>2</voice>
        <type>half</type>
        <dot />
      </note>
      <note>
        <pitch>
          <step>D</step>
          <octave>4</octave>
        </pitch>
        <duration>120</duration>
        <instrument id="I1-2" />
        <voice>2</voice>
        <type>quarter</type>
      </note>
      <note>
        <pitch>
          <step>E</step>
          <octave>4</octave>
        </pitch>
        <duration>120</duration>
        <instrument id="I1-2" />
        <voice>2</voice>
        <type>quarter</type>
      </note>
      <note>
        <pitch>
          <step>G</step>
          <octave>3</octave>
        </pitch>
        <duration>120</duration>
        <instrument id="I1-2" />
        <voice>2</voice>
        <type>quarter</type>
      </note>
    </measure>
    <measure number="14">
      <note>
        <pitch>
          <step>F</step>
          <alter>1</alter>
          <octave>3</octave>
        </pitch>
        <duration>120</duration>
        <instrument id="I1-1" />
        <voice>1</voice>
        <type>quarter</type>
      </note>
      <note>
        <pitch>
          <step>E</step>
          <octave>4</octave>
        </pitch>
        <duration>120</duration>
        <instrument id="I1-1" />
        <voice>1</voice>
        <type>quarter</type>
      </note>
      <note>
        <pitch>
          <step>D</step>
          <octave>4</octave>
        </pitch>
        <duration>120</duration>
        <instrument id="I1-1" />
        <voice>1</voice>
        <type>quarter</type>
      </note>
      <note>
        <pitch>
          <step>C</step>
          <alter>0</alter>
          <octave>5</octave>
        </pitch>
        <duration>120</duration>
        <instrument id="I1-1" />
        <voice>1</voice>
        <type>quarter</type>
        <accidental>natural</accidental>
      </note>
      <note>
        <pitch>
          <step>G</step>
          <octave>3</octave>
        </pitch>
        <duration>240</duration>
        <instrument id="I1-1" />
        <voice>1</voice>
        <type>half</type>
      </note>
      <note>
        <chord />
        <pitch>
          <step>D</step>
          <octave>4</octave>
        </pitch>
        <duration>240</duration>
        <instrument id="I1-1" />
        <voice>1</voice>
        <type>half</type>
      </note>
      <note>
        <chord />
        <pitch>
          <step>B</step>
          <octave>4</octave>
        </pitch>
        <duration>240</duration>
        <instrument id="I1-1" />
        <voice>1</voice>
        <type>half</type>
      </note>
    </measure>
    <measure number="15">
      <note>
        <pitch>
          <step>D</step>
          <octave>4</octave>
        </pitch>
        <duration>120</duration>
        <instrument id="I1-1" />
        <voice>1</voice>
        <type>quarter</type>
        <notations>
          <slur number="1" type="start" />
        </notations>
      </note>
      <note>
        <pitch>
          <step>E</step>
          <octave>4</octave>
        </pitch>
        <duration>120</duration>
        <instrument id="I1-1" />
        <voice>1</voice>
        <type>quarter</type>
        <notations>
          <slur number="1" type="stop" />
        </notations>
      </note>
      <note>
        <pitch>
          <step>E</step>
          <octave>4</octave>
        </pitch>
        <duration>120</duration>
        <instrument id="I1-1" />
        <voice>1</voice>
        <type>quarter</type>
        <notations>
          <slur number="1" type="start" />
        </notations>
      </note>
      <note>
        <pitch>
          <step>F</step>
          <alter>1</alter>
          <octave>4</octave>
        </pitch>
        <duration>120</duration>
        <instrument id="I1-1" />
        <voice>1</voice>
        <type>quarter</type>
        <notations>
          <slur number="1" type="stop" />
        </notations>
      </note>
      <note>
        <pitch>
          <step>F</step>
          <alter>1</alter>
          <octave>4</octave>
        </pitch>
        <duration>120</duration>
        <instrument id="I1-1" />
        <voice>1</voice>
        <type>quarter</type>
        <notations>
          <slur number="1" type="start" />
        </notations>
      </note>
      <note>
        <pitch>
          <step>G</step>
          <octave>4</octave>
        </pitch>
        <duration>120</duration>
        <instrument id="I1-1" />
        <voice>1</voice>
        <type>quarter</type>
        <notations>
          <slur number="1" type="stop" />
        </notations>
      </note>
      <backup>
        <duration>720</duration>
      </backup>
      <note>
        <pitch>
          <step>B</step>
          <octave>2</octave>
        </pitch>
        <duration>240</duration>
        <instrument id="I1-2" />
        <voice>2</voice>
        <type>half</type>
      </note>
      <note>
        <chord />
        <pitch>
          <step>G</step>
          <octave>3</octave>
        </pitch>
        <duration>240</duration>
        <instrument id="I1-2" />
        <voice>2</voice>
        <type>half</type>
      </note>
      <note>
        <pitch>
          <step>C</step>
          <alter>0</alter>
          <octave>3</octave>
        </pitch>
        <duration>240</duration>
        <instrument id="I1-2" />
        <voice>2</voice>
        <type>half</type>
        <accidental>natural</accidental>
      </note>
      <note>
        <chord />
        <pitch>
          <step>G</step>
          <octave>3</octave>
        </pitch>
        <duration>240</duration>
        <instrument id="I1-2" />
        <voice>2</voice>
        <type>half</type>
      </note>
      <note>
        <pitch>
          <step>D</step>
          <octave>3</octave>
        </pitch>
        <duration>240</duration>
        <instrument id="I1-2" />
        <voice>2</voice>
        <type>half</type>
      </note>
      <note>
        <chord />
        <pitch>
          <step>C</step>
          <alter>0</alter>
          <octave>4</octave>
        </pitch>
        <duration>240</duration>
        <instrument id="I1-2" />
        <voice>2</voice>
        <type>half</type>
        <accidental>natural</accidental>
      </note>
    </measure>
    <measure number="16">
      <note>
        <pitch>
          <step>G</step>
          <octave>4</octave>
        </pitch>
        <duration>240</duration>
        <instrument id="I1-1" />
        <voice>1</voice>
        <type>half</type>
      </note>
      <note>
        <pitch>
          <step>B</step>
          <octave>3</octave>
        </pitch>
        <duration>360</duration>
        <instrument id="I1-1" />
        <voice>1</voice>
        <type>half</type>
        <dot />
      </note>
      <note>
        <chord />
        <pitch>
          <step>G</step>
          <octave>4</octave>
        </pitch>
        <duration>360</duration>
        <instrument id="I1-1" />
        <voice>1</voice>
        <type>half</type>
        <dot />
      </note>
      <note>
        <pitch>
          <step>B</step>
          <octave>4</octave>
        </pitch>
        <duration>120</duration>
        <instrument id="I1-1" />
        <voice>1</voice>
        <type>quarter</type>
      </note>
      <backup>
        <duration>720</duration>
      </backup>
      <note>
        <pitch>
          <step>C</step>
          <alter>0</alter>
          <octave>4</octave>
        </pitch>
        <duration>120</duration>
        <instrument id="I1-2" />
        <voice>2</voice>
        <type>quarter</type>
        <accidental>natural</accidental>
        <notations>
          <slur number="2" type="start" />
        </notations>
      </note>
      <note>
        <pitch>
          <step>A</step>
          <octave>3</octave>
        </pitch>
        <duration>120</duration>
        <instrument id="I1-2" />
        <voice>2</voice>
        <type>quarter</type>
        <notations>
          <slur number="2" type="stop" />
        </notations>
      </note>
      <note print-object="no">
        <rest />
        <duration>360</duration>
        <voice>2</voice>
        <type>half</type>
        <dot />
      </note>
      <note print-object="no">
        <rest />
        <duration>120</duration>
        <voice>2</voice>
        <type>quarter</type>
      </note>
      <backup>
        <duration>720</duration>
      </backup>
      <note>
        <pitch>
          <step>G</step>
          <octave>2</octave>
        </pitch>
        <duration>240</duration>
        <instrument id="I1-3" />
        <voice>3</voice>
        <type>half</type>
      </note>
      <note>
        <chord />
        <pitch>
          <step>D</step>
          <octave>3</octave>
        </pitch>
        <duration>240</duration>
        <instrument id="I1-3" />
        <voice>3</voice>
        <type>half</type>
      </note>
      <note print-object="no">
        <rest />
        <duration>120</duration>
        <voice>3</voice>
        <type>quarter</type>
      </note>
      <note print-object="no">
        <rest />
        <duration>360</duration>
        <voice>3</voice>
        <type>half</type>
        <dot />
      </note>
    </measure>
    <measure number="17">
      <note>
        <pitch>
          <step>G</step>
          <octave>3</octave>
        </pitch>
        <duration>120</duration>
        <instrument id="I1-1" />
        <voice>1</voice>
        <type>quarter</type>
        <notations>
          <slur number="1" type="start" />
        </notations>
      </note>
      <note>
        <chord />
        <pitch>
          <step>D</step>
          <octave>4</octave>
        </pitch>
        <duration>120</duration>
        <instrument id="I1-1" />
        <voice>1</voice>
        <type>quarter</type>
      </note>
      <note>
        <chord />
        <pitch>
          <step>B</step>
          <octave>4</octave>
        </pitch>
        <duration>120</duration>
        <instrument id="I1-1" />
        <voice>1</voice>
        <type>quarter</type>
      </note>
      <note>
        <pitch>
          <step>B</step>
          <octave>3</octave>
        </pitch>
        <duration>120</duration>
        <instrument id="I1-1" />
        <voice>1</voice>
        <type>quarter</type>
        <notations>
          <slur number="1" type="stop" />
        </notations>
      </note>
      <note>
        <chord />
        <pitch>
          <step>G</step>
          <octave>4</octave>
        </pitch>
        <duration>120</duration>
        <instrument id="I1-1" />
        <voice>1</voice>
        <type>quarter</type>
      </note>
      <note>
        <pitch>
          <step>B</step>
          <octave>3</octave>
        </pitch>
        <duration>120</duration>
        <instrument id="I1-1" />
        <voice>1</voice>
        <type>quarter</type>
        <notations>
          <slur number="1" type="start" />
        </notations>
      </note>
      <note>
        <chord />
        <pitch>
          <step>G</step>
          <octave>4</octave>
        </pitch>
        <duration>120</duration>
        <instrument id="I1-1" />
        <voice>1</voice>
        <type>quarter</type>
      </note>
      <note>
        <pitch>
          <step>E</step>
          <octave>4</octave>
        </pitch>
        <duration>120</duration>
        <instrument id="I1-1" />
        <voice>1</voice>
        <type>quarter</type>
        <notations>
          <slur number="1" type="stop" />
        </notations>
      </note>
      <note>
        <pitch>
          <step>E</step>
          <octave>4</octave>
        </pitch>
        <duration>120</duration>
        <instrument id="I1-1" />
        <voice>1</voice>
        <type>quarter</type>
        <notations>
          <slur number="1" type="start" />
        </notations>
      </note>
      <note>
        <pitch>
          <step>C</step>
          <alter>1</alter>
          <octave>4</octave>
        </pitch>
        <duration>120</duration>
        <instrument id="I1-1" />
        <voice>1</voice>
        <type>quarter</type>
        <accidental>sharp</accidental>
        <notations>
          <slur number="1" type="stop" />
        </notations>
      </note>
    </measure>
    <measure number="18">
      <note>
        <pitch>
          <step>C</step>
          <alter>1</alter>
          <octave>4</octave>
        </pitch>
        <duration>120</duration>
        <instrument id="I1-1" />
        <voice>1</voice>
        <type>quarter</type>
        <notations>
          <slur number="1" type="start" />
        </notations>
      </note>
      <note>
        <pitch>
          <step>A</step>
          <octave>3</octave>
        </pitch>
        <duration>120</duration>
        <instrument id="I1-1" />
        <voice>1</voice>
        <type>quarter</type>
        <notations>
          <slur number="1" type="stop" />
        </notations>
      </note>
      <note>
        <pitch>
          <step>A</step>
          <octave>3</octave>
        </pitch>
        <duration>120</duration>
        <instrument id="I1-1" />
        <voice>1</voice>
        <type>quarter</type>
        <notations>
          <slur number="1" type="start" />
        </notations>
      </note>
      <note>
        <pitch>
          <step>G</step>
          <octave>3</octave>
        </pitch>
        <duration>120</duration>
        <instrument id="I1-1" />
        <voice>1</voice>
        <type>quarter</type>
        <notations>
          <slur number="1" type="stop" />
        </notations>
      </note>
      <note>
        <pitch>
          <step>G</step>
          <octave>3</octave>
        </pitch>
        <duration>120</duration>
        <instrument id="I1-1" />
        <voice>1</voice>
        <type>quarter</type>
        <notations>
          <slur number="1" type="start" />
        </notations>
      </note>
      <note>
        <pitch>
          <step>A</step>
          <octave>4</octave>
        </pitch>
        <duration>120</duration>
        <instrument id="I1-1" />
        <voice>1</voice>
        <type>quarter</type>
        <notations>
          <slur number="1" type="stop" />
        </notations>
      </note>
    </measure>
    <measure number="19">
      <note>
        <pitch>
          <step>F</step>
          <alter>1</alter>
          <octave>3</octave>
        </pitch>
        <duration>120</duration>
        <instrument id="I1-1" />
        <voice>1</voice>
        <type>quarter</type>
        <notations>
          <slur number="1" type="start" />
        </notations>
      </note>
      <note>
        <chord />
        <pitch>
          <step>D</step>
          <octave>4</octave>
        </pitch>
        <duration>120</duration>
        <instrument id="I1-1" />
        <voice>1</voice>
        <type>quarter</type>
      </note>
      <note>
        <chord />
        <pitch>
          <step>A</step>
          <octave>4</octave>
        </pitch>
        <duration>120</duration>
        <instrument id="I1-1" />
        <voice>1</voice>
        <type>quarter</type>
      </note>
      <note>
        <pitch>
          <step>A</step>
          <octave>3</octave>
        </pitch>
        <duration>120</duration>
        <instrument id="I1-1" />
        <voice>1</voice>
        <type>quarter</type>
        <notations>
          <slur number="1" type="stop" />
        </notations>
      </note>
      <note>
        <chord />
        <pitch>
          <step>F</step>
          <alter>1</alter>
          <octave>4</octave>
        </pitch>
        <duration>120</duration>
        <instrument id="I1-1" />
        <voice>1</voice>
        <type>quarter</type>
      </note>
      <note>
        <pitch>
          <step>A</step>
          <octave>3</octave>
        </pitch>
        <duration>120</duration>
        <instrument id="I1-1" />
        <voice>1</voice>
        <type>quarter</type>
        <notations>
          <slur number="1" type="start" />
        </notations>
      </note>
      <note>
        <chord />
        <pitch>
          <step>F</step>
          <alter>1</alter>
          <octave>4</octave>
        </pitch>
        <duration>120</duration>
        <instrument id="I1-1" />
        <voice>1</voice>
        <type>quarter</type>
      </note>
      <note>
        <pitch>
          <step>D</step>
          <octave>4</octave>
        </pitch>
        <duration>120</duration>
        <instrument id="I1-1" />
        <voice>1</voice>
        <type>quarter</type>
        <notations>
          <slur number="1" type="stop" />
        </notations>
      </note>
      <note>
        <pitch>
          <step>D</step>
          <octave>4</octave>
        </pitch>
        <duration>120</duration>
        <instrument id="I1-1" />
        <voice>1</voice>
        <type>quarter</type>
        <notations>
          <slur number="1" type="start" />
        </notations>
      </note>
      <note>
        <pitch>
          <step>B</step>
          <octave>3</octave>
        </pitch>
        <duration>120</duration>
        <instrument id="I1-1" />
        <voice>1</voice>
        <type>quarter</type>
        <notations>
          <slur number="1" type="stop" />
        </notations>
      </note>
    </measure>
    <measure number="20">
      <note>
        <pitch>
          <step>B</step>
          <octave>3</octave>
        </pitch>
        <duration>120</duration>
        <instrument id="I1-1" />
        <voice>1</voice>
        <type>quarter</type>
        <notations>
          <slur number="1" type="start" />
        </notations>
      </note>
      <note>
        <pitch>
          <step>G</step>
          <octave>3</octave>
        </pitch>
        <duration>120</duration>
        <instrument id="I1-1" />
        <voice>1</voice>
        <type>quarter</type>
        <notations>
          <slur number="1" type="stop" />
        </notations>
      </note>
      <note>
        <pitch>
          <step>G</step>
          <octave>3</octave>
        </pitch>
        <duration>120</duration>
        <instrument id="I1-1" />
        <voice>1</voice>
        <type>quarter</type>
        <notations>
          <slur number="1" type="start" />
        </notations>
      </note>
      <note>
        <pitch>
          <step>F</step>
          <alter>1</alter>
          <octave>3</octave>
        </pitch>
        <duration>120</duration>
        <instrument id="I1-1" />
        <voice>1</voice>
        <type>quarter</type>
        <notations>
          <slur number="1" type="stop" />
        </notations>
      </note>
      <note>
        <pitch>
          <step>F</step>
          <alter>1</alter>
          <octave>3</octave>
        </pitch>
        <duration>120</duration>
        <instrument id="I1-1" />
        <voice>1</voice>
        <type>quarter</type>
        <notations>
          <slur number="1" type="start" />
        </notations>
      </note>
      <note>
        <pitch>
          <step>G</step>
          <octave>4</octave>
        </pitch>
        <duration>120</duration>
        <instrument id="I1-1" />
        <voice>1</voice>
        <type>quarter</type>
        <notations>
          <slur number="1" type="stop" />
        </notations>
      </note>
    </measure>
    <measure number="21">
      <note>
        <pitch>
          <step>G</step>
          <octave>4</octave>
        </pitch>
        <duration>120</duration>
        <instrument id="I1-1" />
        <voice>1</voice>
        <type>quarter</type>
      </note>
      <note print-object="no">
        <rest />
        <duration>120</duration>
        <voice>1</voice>
        <type>quarter</type>
      </note>
      <note print-object="no">
        <rest />
        <duration>240</duration>
        <voice>1</voice>
        <type>half</type>
      </note>
      <note print-object="no">
        <rest />
        <duration>240</duration>
        <voice>1</voice>
        <type>half</type>
      </note>
      <backup>
        <duration>720</duration>
      </backup>
      <note>
        <pitch>
          <step>E</step>
          <octave>3</octave>
        </pitch>
        <duration>120</duration>
        <instrument id="I1-2" />
        <voice>2</voice>
        <type>quarter</type>
      </note>
      <note>
        <chord />
        <pitch>
          <step>C</step>
          <alter>1</alter>
          <octave>4</octave>
        </pitch>
        <duration>120</duration>
        <instrument id="I1-2" />
        <voice>2</voice>
        <type>quarter</type>
        <notations>
          <slur number="2" type="start" />
        </notations>
      </note>
      <note>
        <pitch>
          <step>F</step>
          <alter>1</alter>
          <octave>3</octave>
        </pitch>
        <duration>120</duration>
        <instrument id="I1-2" />
        <voice>2</voice>
        <type>quarter</type>
      </note>
      <note>
        <chord />
        <pitch>
          <step>D</step>
          <octave>4</octave>
        </pitch>
        <duration>120</duration>
        <instrument id="I1-2" />
        <voice>2</voice>
        <type>quarter</type>
        <notations>
          <slur number="2" type="stop" />
        </notations>
      </note>
      <note>
        <pitch>
          <step>F</step>
          <alter>1</alter>
          <octave>3</octave>
        </pitch>
        <duration>120</duration>
        <instrument id="I1-2" />
        <voice>2</voice>
        <type>quarter</type>
      </note>
      <note>
        <chord />
        <pitch>
          <step>D</step>
          <octave>4</octave>
        </pitch>
        <duration>120</duration>
        <instrument id="I1-2" />
        <voice>2</voice>
        <type>quarter</type>
        <notations>
          <slur number="2" type="start" />
        </notations>
      </note>
      <note>
        <pitch>
          <step>E</step>
          <octave>3</octave>
        </pitch>
        <duration>120</duration>
        <instrument id="I1-2" />
        <voice>2</voice>
        <type>quarter</type>
      </note>
      <note>
        <chord />
        <pitch>
          <step>C</step>
          <alter>1</alter>
          <octave>4</octave>
        </pitch>
        <duration>120</duration>
        <instrument id="I1-2" />
        <voice>2</voice>
        <type>quarter</type>
        <notations>
          <slur number="2" type="stop" />
        </notations>
      </note>
      <note>
        <pitch>
          <step>E</step>
          <octave>3</octave>
        </pitch>
        <duration>120</duration>
        <instrument id="I1-2" />
        <voice>2</voice>
        <type>quarter</type>
      </note>
      <note>
        <chord />
        <pitch>
          <step>C</step>
          <alter>1</alter>
          <octave>4</octave>
        </pitch>
        <duration>120</duration>
        <instrument id="I1-2" />
        <voice>2</voice>
        <type>quarter</type>
        <notations>
          <slur number="2" type="start" />
        </notations>
      </note>
      <note>
        <pitch>
          <step>D</step>
          <octave>3</octave>
        </pitch>
        <duration>120</duration>
        <instrument id="I1-2" />
        <voice>2</voice>
        <type>quarter</type>
      </note>
      <note>
        <chord />
        <pitch>
          <step>B</step>
          <octave>3</octave>
        </pitch>
        <duration>120</duration>
        <instrument id="I1-2" />
        <voice>2</voice>
        <type>quarter</type>
        <notations>
          <slur number="2" type="stop" />
        </notations>
      </note>
    </measure>
    <measure number="22">
      <note>
        <pitch>
          <step>G</step>
          <octave>4</octave>
        </pitch>
        <duration>120</duration>
        <instrument id="I1-1" />
        <voice>1</voice>
        <type>quarter</type>
      </note>
      <note print-object="no">
        <rest />
        <duration>120</duration>
        <voice>1</voice>
        <type>quarter</type>
      </note>
      <note print-object="no">
        <rest />
        <duration>240</duration>
        <voice>1</voice>
        <type>half</type>
      </note>
      <note print-object="no">
        <rest />
        <duration>240</duration>
        <voice>1</voice>
        <type>half</type>
      </note>
      <backup>
        <duration>720</duration>
      </backup>
      <note>
        <pitch>
          <step>D</step>
          <octave>3</octave>
        </pitch>
        <duration>120</duration>
        <instrument id="I1-2" />
        <voice>2</voice>
        <type>quarter</type>
      </note>
      <note>
        <chord />
        <pitch>
          <step>B</step>
          <octave>3</octave>
        </pitch>
        <duration>120</duration>
        <instrument id="I1-2" />
        <voice>2</voice>
        <type>quarter</type>
        <notations>
          <slur number="2" type="start" />
        </notations>
      </note>
      <note>
        <pitch>
          <step>E</step>
          <octave>3</octave>
        </pitch>
        <duration>120</duration>
        <instrument id="I1-2" />
        <voice>2</voice>
        <type>quarter</type>
      </note>
      <note>
        <chord />
        <pitch>
          <step>C</step>
          <alter>1</alter>
          <octave>4</octave>
        </pitch>
        <duration>120</duration>
        <instrument id="I1-2" />
        <voice>2</voice>
        <type>quarter</type>
        <notations>
          <slur number="2" type="stop" />
        </notations>
      </note>
      <note>
        <pitch>
          <step>E</step>
          <octave>3</octave>
        </pitch>
        <duration>120</duration>
        <instrument id="I1-2" />
        <voice>2</voice>
        <type>quarter</type>
      </note>
      <note>
        <chord />
        <pitch>
          <step>C</step>
          <alter>1</alter>
          <octave>4</octave>
        </pitch>
        <duration>120</duration>
        <instrument id="I1-2" />
        <voice>2</voice>
        <type>quarter</type>
        <notations>
          <slur number="2" type="start" />
        </notations>
      </note>
      <note>
        <pitch>
          <step>D</step>
          <octave>3</octave>
        </pitch>
        <duration>120</duration>
        <instrument id="I1-2" />
        <voice>2</voice>
        <type>quarter</type>
      </note>
      <note>
        <chord />
        <pitch>
          <step>B</step>
          <octave>3</octave>
        </pitch>
        <duration>120</duration>
        <instrument id="I1-2" />
        <voice>2</voice>
        <type>quarter</type>
        <notations>
          <slur number="2" type="stop" />
        </notations>
      </note>
      <note>
        <pitch>
          <step>D</step>
          <octave>3</octave>
        </pitch>
        <duration>120</duration>
        <instrument id="I1-2" />
        <voice>2</voice>
        <type>quarter</type>
      </note>
      <note>
        <chord />
        <pitch>
          <step>B</step>
          <octave>3</octave>
        </pitch>
        <duration>120</duration>
        <instrument id="I1-2" />
        <voice>2</voice>
        <type>quarter</type>
      </note>
      <note>
        <pitch>
          <step>C</step>
          <alter>1</alter>
          <octave>3</octave>
        </pitch>
        <duration>120</duration>
        <instrument id="I1-2" />
        <voice>2</voice>
        <type>quarter</type>
      </note>
      <note>
        <chord />
        <pitch>
          <step>E</step>
          <octave>3</octave>
        </pitch>
        <duration>120</duration>
        <instrument id="I1-2" />
        <voice>2</voice>
        <type>quarter</type>
      </note>
      <note>
        <chord />
        <pitch>
          <step>A</step>
          <octave>3</octave>
        </pitch>
        <duration>120</duration>
        <instrument id="I1-2" />
        <voice>2</voice>
        <type>quarter</type>
      </note>
    </measure>
    <measure number="23">
      <note>
        <pitch>
          <step>C</step>
          <alter>1</alter>
          <octave>3</octave>
        </pitch>
        <duration>120</duration>
        <instrument id="I1-1" />
        <voice>1</voice>
        <type>quarter</type>
      </note>
      <note>
        <chord />
        <pitch>
          <step>E</step>
          <octave>3</octave>
        </pitch>
        <duration>120</duration>
        <instrument id="I1-1" />
        <voice>1</voice>
        <type>quarter</type>
      </note>
      <note>
        <chord />
        <pitch>
          <step>A</step>
          <octave>3</octave>
        </pitch>
        <duration>120</duration>
        <instrument id="I1-1" />
        <voice>1</voice>
        <type>quarter</type>
        <notations>
          <slur number="1" type="start" />
        </notations>
      </note>
      <note>
        <pitch>
          <step>G</step>
          <octave>4</octave>
        </pitch>
        <duration>120</duration>
        <instrument id="I1-1" />
        <voice>1</voice>
        <type>quarter</type>
        <notations>
          <slur number="1" type="stop" />
        </notations>
      </note>
      <note>
        <pitch>
          <step>G</step>
          <octave>4</octave>
        </pitch>
        <duration>120</duration>
        <instrument id="I1-1" />
        <voice>1</voice>
        <type>quarter</type>
        <notations>
          <slur number="1" type="start" />
        </notations>
      </note>
      <note>
        <pitch>
          <step>F</step>
          <alter>1</alter>
          <octave>4</octave>
        </pitch>
        <duration>120</duration>
        <instrument id="I1-1" />
        <voice>1</voice>
        <type>quarter</type>
        <notations>
          <slur number="1" type="stop" />
        </notations>
      </note>
      <note>
        <pitch>
          <step>F</step>
          <alter>1</alter>
          <octave>4</octave>
        </pitch>
        <duration>120</duration>
        <instrument id="I1-1" />
        <voice>1</voice>
        <type>quarter</type>
        <notations>
          <slur number="1" type="start" />
        </notations>
      </note>
      <note>
        <pitch>
          <step>G</step>
          <alter>1</alter>
          <octave>4</octave>
        </pitch>
        <duration>120</duration>
        <instrument id="I1-1" />
        <voice>1</voice>
        <type>quarter</type>
        <accidental>sharp</accidental>
        <notations>
          <slur number="1" type="stop" />
        </notations>
      </note>
      <backup>
        <duration>720</duration>
      </backup>
      <note print-object="no">
        <rest />
        <duration>240</duration>
        <voice>2</voice>
        <type>half</type>
      </note>
      <note>
        <pitch>
          <step>D</step>
          <octave>3</octave>
        </pitch>
        <duration>240</duration>
        <instrument id="I1-2" />
        <voice>2</voice>
        <type>half</type>
      </note>
      <note>
        <chord />
        <pitch>
          <step>A</step>
          <octave>3</octave>
        </pitch>
        <duration>240</duration>
        <instrument id="I1-2" />
        <voice>2</voice>
        <type>half</type>
      </note>
      <note>
        <pitch>
          <step>B</step>
          <octave>2</octave>
        </pitch>
        <duration>120</duration>
        <instrument id="I1-2" />
        <voice>2</voice>
        <type>quarter</type>
      </note>
      <note>
        <chord />
        <pitch>
          <step>D</step>
          <octave>3</octave>
        </pitch>
        <duration>120</duration>
        <instrument id="I1-2" />
        <voice>2</voice>
        <type>quarter</type>
      </note>
      <note>
        <chord />
        <pitch>
          <step>B</step>
          <octave>3</octave>
        </pitch>
        <duration>120</duration>
        <instrument id="I1-2" />
        <voice>2</voice>
        <type>quarter</type>
      </note>
      <note print-object="no">
        <rest />
        <duration>120</duration>
        <voice>2</voice>
        <type>quarter</type>
      </note>
    </measure>
    <measure number="24">
      <note>
        <pitch>
          <step>A</step>
          <octave>2</octave>
        </pitch>
        <duration>120</duration>
        <instrument id="I1-1" />
        <voice>1</voice>
        <type>quarter</type>
      </note>
      <note>
        <chord />
        <pitch>
          <step>E</step>
          <octave>3</octave>
        </pitch>
        <duration>120</duration>
        <instrument id="I1-1" />
        <voice>1</voice>
        <type>quarter</type>
      </note>
      <note>
        <chord />
        <pitch>
          <step>C</step>
          <alter>1</alter>
          <octave>4</octave>
        </pitch>
        <duration>120</duration>
        <instrument id="I1-1" />
        <voice>1</voice>
        <type>quarter</type>
      </note>
      <note>
        <chord />
        <pitch>
          <step>G</step>
          <alter>1</alter>
          <octave>4</octave>
        </pitch>
        <duration>120</duration>
        <instrument id="I1-1" />
        <voice>1</voice>
        <type>quarter</type>
        <accidental>sharp</accidental>
        <notations>
          <slur number="1" type="start" />
        </notations>
      </note>
      <note>
        <pitch>
          <step>A</step>
          <octave>4</octave>
        </pitch>
        <duration>120</duration>
        <instrument id="I1-1" />
        <voice>1</voice>
        <type>quarter</type>
        <notations>
          <slur number="1" type="stop" />
        </notations>
      </note>
      <note>
        <pitch>
          <step>C</step>
          <alter>1</alter>
          <octave>4</octave>
        </pitch>
        <duration>360</duration>
        <instrument id="I1-1" />
        <voice>1</voice>
        <type>half</type>
        <dot />
      </note>
      <note>
        <chord />
        <pitch>
          <step>A</step>
          <octave>4</octave>
        </pitch>
        <duration>360</duration>
        <instrument id="I1-1" />
        <voice>1</voice>
        <type>half</type>
        <dot />
      </note>
      <note>
        <pitch>
          <step>G</step>
          <alter>0</alter>
          <octave>3</octave>
        </pitch>
        <duration>120</duration>
        <instrument id="I1-1" />
        <voice>1</voice>
        <type>quarter</type>
        <accidental>natural</accidental>
      </note>
      <note>
        <chord />
        <pitch>
          <step>C</step>
          <alter>1</alter>
          <octave>4</octave>
        </pitch>
        <duration>120</duration>
        <instrument id="I1-1" />
        <voice>1</voice>
        <type>quarter</type>
      </note>
    </measure>
    <measure number="25">
      <note>
        <pitch>
          <step>A</step>
          <octave>2</octave>
        </pitch>
        <duration>120</duration>
        <instrument id="I1-1" />
        <voice>1</voice>
        <type>quarter</type>
      </note>
      <note>
        <chord />
        <pitch>
          <step>F</step>
          <alter>1</alter>
          <octave>3</octave>
        </pitch>
        <duration>120</duration>
        <instrument id="I1-1" />
        <voice>1</voice>
        <type>quarter</type>
      </note>
      <note>
        <chord />
        <pitch>
          <step>D</step>
          <octave>4</octave>
        </pitch>
        <duration>120</duration>
        <instrument id="I1-1" />
        <voice>1</voice>
        <type>quarter</type>
      </note>
      <note>
        <chord />
        <pitch>
          <step>A</step>
          <octave>4</octave>
        </pitch>
        <duration>120</duration>
        <instrument id="I1-1" />
        <voice>1</voice>
        <type>quarter</type>
        <notations>
          <slur number="1" type="start" />
        </notations>
      </note>
      <note>
        <pitch>
          <step>A</step>
          <octave>3</octave>
        </pitch>
        <duration>120</duration>
        <instrument id="I1-1" />
        <voice>1</voice>
        <type>quarter</type>
      </note>
      <note>
        <chord />
        <pitch>
          <step>F</step>
          <alter>1</alter>
          <octave>4</octave>
        </pitch>
        <duration>120</duration>
        <instrument id="I1-1" />
        <voice>1</voice>
        <type>quarter</type>
        <notations>
          <slur number="1" type="stop" />
        </notations>
      </note>
      <note>
        <pitch>
          <step>A</step>
          <octave>3</octave>
        </pitch>
        <duration>120</duration>
        <instrument id="I1-1" />
        <voice>1</voice>
        <type>quarter</type>
      </note>
      <note>
        <chord />
        <pitch>
          <step>F</step>
          <alter>1</alter>
          <octave>4</octave>
        </pitch>
        <duration>120</duration>
        <instrument id="I1-1" />
        <voice>1</voice>
        <type>quarter</type>
        <notations>
          <slur number="1" type="start" />
        </notations>
      </note>
      <note>
        <pitch>
          <step>F</step>
          <alter>1</alter>
          <octave>3</octave>
        </pitch>
        <duration>120</duration>
        <instrument id="I1-1" />
        <voice>1</voice>
        <type>quarter</type>
      </note>
      <note>
        <chord />
        <pitch>
          <step>D</step>
          <octave>4</octave>
        </pitch>
        <duration>120</duration>
        <instrument id="I1-1" />
        <voice>1</voice>
        <type>quarter</type>
        <notations>
          <slur number="1" type="stop" />
        </notations>
      </note>
      <note>
        <pitch>
          <step>F</step>
          <alter>1</alter>
          <octave>3</octave>
        </pitch>
        <duration>120</duration>
        <instrument id="I1-1" />
        <voice>1</voice>
        <type>quarter</type>
      </note>
      <note>
        <chord />
        <pitch>
          <step>D</step>
          <octave>4</octave>
        </pitch>
        <duration>120</duration>
        <instrument id="I1-1" />
        <voice>1</voice>
        <type>quarter</type>
        <notations>
          <slur number="1" type="start" />
        </notations>
      </note>
      <note>
        <pitch>
          <step>E</step>
          <octave>3</octave>
        </pitch>
        <duration>120</duration>
        <instrument id="I1-1" />
        <voice>1</voice>
        <type>quarter</type>
      </note>
      <note>
        <chord />
        <pitch>
          <step>C</step>
          <alter>1</alter>
          <octave>4</octave>
        </pitch>
        <duration>120</duration>
        <instrument id="I1-1" />
        <voice>1</voice>
        <type>quarter</type>
        <notations>
          <slur number="1" type="stop" />
        </notations>
      </note>
    </measure>
    <measure number="26">
      <note print-object="no">
        <rest />
        <duration>240</duration>
        <voice>1</voice>
        <type>half</type>
      </note>
      <note>
        <pitch>
          <step>C</step>
          <alter>1</alter>
          <octave>4</octave>
        </pitch>
        <duration>360</duration>
        <instrument id="I1-1" />
        <voice>1</voice>
        <type>half</type>
        <dot />
      </note>
      <note print-object="no">
        <rest />
        <duration>120</duration>
        <voice>1</voice>
        <type>quarter</type>
      </note>
      <backup>
        <duration>720</duration>
      </backup>
      <note>
        <pitch>
          <step>A</step>
          <octave>2</octave>
        </pitch>
        <duration>120</duration>
        <instrument id="I1-2" />
        <voice>2</voice>
        <type>quarter</type>
      </note>
      <note>
        <chord />
        <pitch>
          <step>E</step>
          <octave>3</octave>
        </pitch>
        <duration>120</duration>
        <instrument id="I1-2" />
        <voice>2</voice>
        <type>quarter</type>
        <notations>
          <slur number="2" type="start" />
        </notations>
      </note>
      <note>
        <chord />
        <pitch>
          <step>C</step>
          <alter>1</alter>
          <octave>4</octave>
        </pitch>
        <duration>120</duration>
        <instrument id="I1-2" />
        <voice>2</voice>
        <type>quarter</type>
      </note>
      <note>
        <chord />
        <pitch>
          <step>A</step>
          <octave>4</octave>
        </pitch>
        <duration>120</duration>
        <instrument id="I1-2" />
        <voice>2</voice>
        <type>quarter</type>
      </note>
      <note>
        <pitch>
          <step>G</step>
          <octave>3</octave>
        </pitch>
        <duration>120</duration>
        <instrument id="I1-2" />
        <voice>2</voice>
        <type>quarter</type>
        <notations>
          <slur number="2" type="stop" />
        </notations>
      </note>
      <note>
        <pitch>
          <step>G</step>
          <octave>3</octave>
        </pitch>
        <duration>120</duration>
        <instrument id="I1-2" />
        <voice>2</voice>
        <type>quarter</type>
        <notations>
          <slur number="2" type="start" />
        </notations>
      </note>
      <note>
        <pitch>
          <step>E</step>
          <octave>3</octave>
        </pitch>
        <duration>120</duration>
        <instrument id="I1-2" />
        <voice>2</voice>
        <type>quarter</type>
        <notations>
          <slur number="2" type="stop" />
        </notations>
      </note>
      <note>
        <pitch>
          <step>E</step>
          <octave>3</octave>
        </pitch>
        <duration>120</duration>
        <instrument id="I1-2" />
        <voice>2</voice>
        <type>quarter</type>
        <notations>
          <slur number="2" type="start" />
        </notations>
      </note>
      <note>
        <pitch>
          <step>F</step>
          <alter>0</alter>
          <octave>3</octave>
        </pitch>
        <duration>120</duration>
        <instrument id="I1-2" />
        <voice>2</voice>
        <type>quarter</type>
        <accidental>natural</accidental>
        <notations>
          <slur number="2" type="stop" />
        </notations>
      </note>
      <note>
        <chord />
        <pitch>
          <step>D</step>
          <octave>4</octave>
        </pitch>
        <duration>120</duration>
        <instrument id="I1-2" />
        <voice>2</voice>
        <type>quarter</type>
      </note>
    </measure>
    <measure number="27">
      <note>
        <pitch>
          <step>A</step>
          <octave>2</octave>
        </pitch>
        <duration>120</duration>
        <instrument id="I1-1" />
        <voice>1</voice>
        <type>quarter</type>
      </note>
      <note>
        <chord />
        <pitch>
          <step>F</step>
          <alter>0</alter>
          <octave>3</octave>
        </pitch>
        <duration>120</duration>
        <instrument id="I1-1" />
        <voice>1</voice>
        <type>quarter</type>
        <accidental>natural</accidental>
      </note>
      <note>
        <chord />
        <pitch>
          <step>D</step>
          <octave>4</octave>
        </pitch>
        <duration>120</duration>
        <instrument id="I1-1" />
        <voice>1</voice>
        <type>quarter</type>
      </note>
      <note>
        <chord />
        <pitch>
          <step>A</step>
          <octave>4</octave>
        </pitch>
        <duration>120</duration>
        <instrument id="I1-1" />
        <voice>1</voice>
        <type>quarter</type>
        <notations>
          <slur number="1" type="start" />
        </notations>
      </note>
      <note>
        <pitch>
          <step>A</step>
          <octave>3</octave>
        </pitch>
        <duration>120</duration>
        <instrument id="I1-1" />
        <voice>1</voice>
        <type>quarter</type>
      </note>
      <note>
        <chord />
        <pitch>
          <step>F</step>
          <alter>0</alter>
          <octave>4</octave>
        </pitch>
        <duration>120</duration>
        <instrument id="I1-1" />
        <voice>1</voice>
        <type>quarter</type>
        <accidental>natural</accidental>
        <notations>
          <slur number="1" type="stop" />
        </notations>
      </note>
      <note>
        <pitch>
          <step>A</step>
          <octave>3</octave>
        </pitch>
        <duration>120</duration>
        <instrument id="I1-1" />
        <voice>1</voice>
        <type>quarter</type>
      </note>
      <note>
        <chord />
        <pitch>
          <step>F</step>
          <alter>0</alter>
          <octave>4</octave>
        </pitch>
        <duration>120</duration>
        <instrument id="I1-1" />
        <voice>1</voice>
        <type>quarter</type>
        <notations>
          <slur number="1" type="start" />
        </notations>
      </note>
      <note>
        <pitch>
          <step>F</step>
          <alter>0</alter>
          <octave>3</octave>
        </pitch>
        <duration>120</duration>
        <instrument id="I1-1" />
        <voice>1</voice>
        <type>quarter</type>
        <accidental>natural</accidental>
      </note>
      <note>
        <chord />
        <pitch>
          <step>D</step>
          <octave>4</octave>
        </pitch>
        <duration>120</duration>
        <instrument id="I1-1" />
        <voice>1</voice>
        <type>quarter</type>
        <notations>
          <slur number="1" type="stop" />
        </notations>
      </note>
      <note>
        <pitch>
          <step>F</step>
          <alter>0</alter>
          <octave>3</octave>
        </pitch>
        <duration>120</duration>
        <instrument id="I1-1" />
        <voice>1</voice>
        <type>quarter</type>
      </note>
      <note>
        <chord />
        <pitch>
          <step>D</step>
          <octave>4</octave>
        </pitch>
        <duration>120</duration>
        <instrument id="I1-1" />
        <voice>1</voice>
        <type>quarter</type>
        <notations>
          <slur number="1" type="start" />
        </notations>
      </note>
      <note>
        <pitch>
          <step>E</step>
          <octave>3</octave>
        </pitch>
        <duration>120</duration>
        <instrument id="I1-1" />
        <voice>1</voice>
        <type>quarter</type>
      </note>
      <note>
        <chord />
        <pitch>
          <step>C</step>
          <alter>1</alter>
          <octave>4</octave>
        </pitch>
        <duration>120</duration>
        <instrument id="I1-1" />
        <voice>1</voice>
        <type>quarter</type>
        <notations>
          <slur number="1" type="stop" />
        </notations>
      </note>
    </measure>
    <measure number="28">
      <note>
        <pitch>
          <step>A</step>
          <octave>2</octave>
        </pitch>
        <duration>120</duration>
        <instrument id="I1-1" />
        <voice>1</voice>
        <type>quarter</type>
      </note>
      <note>
        <chord />
        <pitch>
          <step>E</step>
          <octave>3</octave>
        </pitch>
        <duration>120</duration>
        <instrument id="I1-1" />
        <voice>1</voice>
        <type>quarter</type>
      </note>
      <note>
        <chord />
        <pitch>
          <step>C</step>
          <alter>1</alter>
          <octave>4</octave>
        </pitch>
        <duration>120</duration>
        <instrument id="I1-1" />
        <voice>1</voice>
        <type>quarter</type>
        <notations>
          <slur number="1" type="start" />
        </notations>
      </note>
      <note>
        <pitch>
          <step>D</step>
          <octave>4</octave>
        </pitch>
        <duration>60</duration>
        <instrument id="I1-1" />
        <voice>1</voice>
        <type>eighth</type>
        <beam number="1">begin</beam>
        <notations>
          <slur number="1" type="stop" />
        </notations>
      </note>
      <note>
        <pitch>
          <step>E</step>
          <octave>4</octave>
        </pitch>
        <duration>60</duration>
        <instrument id="I1-1" />
        <voice>1</voice>
        <type>eighth</type>
        <beam number="1">end</beam>
      </note>
      <note>
        <pitch>
          <step>A</step>
          <alter>1</alter>
          <octave>3</octave>
        </pitch>
        <duration>360</duration>
        <instrument id="I1-1" />
        <voice>1</voice>
        <type>half</type>
        <dot />
        <accidental>sharp</accidental>
      </note>
      <note>
        <chord />
        <pitch>
          <step>F</step>
          <alter>1</alter>
          <octave>3</octave>
        </pitch>
        <duration>360</duration>
        <instrument id="I1-1" />
        <voice>1</voice>
        <type>half</type>
        <dot />
      </note>
      <note>
        <chord />
        <pitch>
          <step>C</step>
          <alter>1</alter>
          <octave>4</octave>
        </pitch>
        <duration>360</duration>
        <instrument id="I1-1" />
        <voice>1</voice>
        <type>half</type>
        <dot />
      </note>
      <note>
        <chord />
        <pitch>
          <step>E</step>
          <octave>4</octave>
        </pitch>
        <duration>360</duration>
        <instrument id="I1-1" />
        <voice>1</voice>
        <type>half</type>
        <dot />
      </note>
      <note>
        <pitch>
          <step>D</step>
          <octave>4</octave>
        </pitch>
        <duration>120</duration>
        <instrument id="I1-1" />
        <voice>1</voice>
        <type>quarter</type>
      </note>
    </measure>
    <measure number="29">
      <note>
        <pitch>
          <step>B</step>
          <octave>2</octave>
        </pitch>
        <duration>120</duration>
        <instrument id="I1-1" />
        <voice>1</voice>
        <type>quarter</type>
      </note>
      <note>
        <chord />
        <pitch>
          <step>F</step>
          <alter>1</alter>
          <octave>3</octave>
        </pitch>
        <duration>120</duration>
        <instrument id="I1-1" />
        <voice>1</voice>
        <type>quarter</type>
      </note>
      <note>
        <chord />
        <pitch>
          <step>D</step>
          <octave>4</octave>
        </pitch>
        <duration>120</duration>
        <instrument id="I1-1" />
        <voice>1</voice>
        <type>quarter</type>
      </note>
      <note>
        <pitch>
          <step>E</step>
          <octave>4</octave>
        </pitch>
        <duration>60</duration>
        <instrument id="I1-1" />
        <voice>1</voice>
        <type>eighth</type>
        <beam number="1">begin</beam>
        <notations>
          <slur number="1" type="start" />
        </notations>
      </note>
      <note>
        <pitch>
          <step>F</step>
          <alter>1</alter>
          <octave>4</octave>
        </pitch>
        <duration>30</duration>
        <instrument id="I1-1" />
        <voice>1</voice>
        <type>16th</type>
        <beam number="1">continue</beam>
      </note>
      <note>
        <pitch>
          <step>G</step>
          <octave>4</octave>
        </pitch>
        <duration>30</duration>
        <instrument id="I1-1" />
        <voice>1</voice>
        <type>16th</type>
        <beam number="1">end</beam>
        <notations>
          <slur number="1" type="stop" />
        </notations>
      </note>
      <note>
        <pitch>
          <step>G</step>
          <octave>4</octave>
        </pitch>
        <duration>120</duration>
        <instrument id="I1-1" />
        <voice>1</voice>
        <type>quarter</type>
        <notations>
          <slur number="1" type="start" />
        </notations>
      </note>
      <note>
        <pitch>
          <step>F</step>
          <alter>1</alter>
          <octave>4</octave>
        </pitch>
        <duration>120</duration>
        <instrument id="I1-1" />
        <voice>1</voice>
        <type>quarter</type>
        <notations>
          <slur number="1" type="stop" />
        </notations>
      </note>
      <note>
        <pitch>
          <step>D</step>
          <octave>3</octave>
        </pitch>
        <duration>120</duration>
        <instrument id="I1-1" />
        <voice>1</voice>
        <type>quarter</type>
      </note>
      <note>
        <chord />
        <pitch>
          <step>C</step>
          <alter>0</alter>
          <octave>4</octave>
        </pitch>
        <duration>120</duration>
        <instrument id="I1-1" />
        <voice>1</voice>
        <type>quarter</type>
        <accidental>natural</accidental>
      </note>
      <note>
        <chord />
        <pitch>
          <step>F</step>
          <alter>1</alter>
          <octave>4</octave>
        </pitch>
        <duration>120</duration>
        <instrument id="I1-1" />
        <voice>1</voice>
        <type>quarter</type>
        <notations>
          <slur number="1" type="start" />
        </notations>
      </note>
      <note>
        <pitch>
          <step>E</step>
          <octave>4</octave>
        </pitch>
        <duration>120</duration>
        <instrument id="I1-1" />
        <voice>1</voice>
        <type>quarter</type>
        <notations>
          <slur number="1" type="stop" />
        </notations>
      </note>
    </measure>
    <measure number="30">
      <note>
        <pitch>
          <step>G</step>
          <octave>2</octave>
        </pitch>
        <duration>120</duration>
        <instrument id="I1-1" />
        <voice>1</voice>
        <type>quarter</type>
      </note>
      <note>
        <chord />
        <pitch>
          <step>G</step>
          <octave>3</octave>
        </pitch>
        <duration>120</duration>
        <instrument id="I1-1" />
        <voice>1</voice>
        <type>quarter</type>
      </note>
      <note>
        <chord />
        <pitch>
          <step>B</step>
          <octave>3</octave>
        </pitch>
        <duration>120</duration>
        <instrument id="I1-1" />
        <voice>1</voice>
        <type>quarter</type>
      </note>
      <note>
        <chord />
        <pitch>
          <step>E</step>
          <octave>4</octave>
        </pitch>
        <duration>120</duration>
        <instrument id="I1-1" />
        <voice>1</voice>
        <type>quarter</type>
        <notations>
          <slur number="1" type="start" />
        </notations>
      </note>
      <note>
        <pitch>
          <step>A</step>
          <octave>3</octave>
        </pitch>
        <duration>120</duration>
        <instrument id="I1-1" />
        <voice>1</voice>
        <type>quarter</type>
      </note>
      <note>
        <chord />
        <pitch>
          <step>F</step>
          <alter>1</alter>
          <octave>4</octave>
        </pitch>
        <duration>120</duration>
        <instrument id="I1-1" />
        <voice>1</voice>
        <type>quarter</type>
        <notations>
          <slur number="1" type="stop" />
        </notations>
      </note>
      <note>
        <pitch>
          <step>A</step>
          <octave>3</octave>
        </pitch>
        <duration>120</duration>
        <instrument id="I1-1" />
        <voice>1</voice>
        <type>quarter</type>
      </note>
      <note>
        <chord />
        <pitch>
          <step>F</step>
          <alter>1</alter>
          <octave>4</octave>
        </pitch>
        <duration>120</duration>
        <instrument id="I1-1" />
        <voice>1</voice>
        <type>quarter</type>
        <notations>
          <slur number="1" type="start" />
        </notations>
      </note>
      <note>
        <pitch>
          <step>G</step>
          <octave>3</octave>
        </pitch>
        <duration>120</duration>
        <instrument id="I1-1" />
        <voice>1</voice>
        <type>quarter</type>
      </note>
      <note>
        <chord />
        <pitch>
          <step>E</step>
          <octave>4</octave>
        </pitch>
        <duration>120</duration>
        <instrument id="I1-1" />
        <voice>1</voice>
        <type>quarter</type>
        <notations>
          <slur number="1" type="stop" />
        </notations>
      </note>
      <note>
        <pitch>
          <step>G</step>
          <octave>3</octave>
        </pitch>
        <duration>120</duration>
        <instrument id="I1-1" />
        <voice>1</voice>
        <type>quarter</type>
      </note>
      <note>
        <chord />
        <pitch>
          <step>E</step>
          <octave>4</octave>
        </pitch>
        <duration>120</duration>
        <instrument id="I1-1" />
        <voice>1</voice>
        <type>quarter</type>
        <notations>
          <slur number="1" type="start" />
        </notations>
      </note>
      <note>
        <pitch>
          <step>F</step>
          <alter>1</alter>
          <octave>3</octave>
        </pitch>
        <duration>120</duration>
        <instrument id="I1-1" />
        <voice>1</voice>
        <type>quarter</type>
      </note>
      <note>
        <chord />
        <pitch>
          <step>D</step>
          <octave>4</octave>
        </pitch>
        <duration>120</duration>
        <instrument id="I1-1" />
        <voice>1</voice>
        <type>quarter</type>
        <notations>
          <slur number="1" type="stop" />
        </notations>
      </note>
      <attributes>
        <clef>
          <sign>F</sign>
          <line>4</line>
        </clef>
      </attributes>
    </measure>
    <measure number="31">
      <note>
        <pitch>
          <step>D</step>
          <octave>4</octave>
        </pitch>
        <duration>240</duration>
        <instrument id="I1-1" />
        <voice>1</voice>
        <type>half</type>
      </note>
      <note>
        <pitch>
          <step>D</step>
          <octave>4</octave>
        </pitch>
        <duration>240</duration>
        <instrument id="I1-1" />
        <voice>1</voice>
        <type>half</type>
      </note>
      <note>
        <pitch>
          <step>C</step>
          <alter>1</alter>
          <octave>4</octave>
        </pitch>
        <duration>240</duration>
        <instrument id="I1-1" />
        <voice>1</voice>
        <type>half</type>
      </note>
      <backup>
        <duration>720</duration>
      </backup>
      <note>
        <pitch>
          <step>F</step>
          <alter>1</alter>
          <octave>3</octave>
        </pitch>
        <duration>120</duration>
        <instrument id="I1-2" />
        <voice>2</voice>
        <type>quarter</type>
        <notations>
          <slur number="2" type="start" />
        </notations>
      </note>
      <note>
        <pitch>
          <step>E</step>
          <octave>3</octave>
        </pitch>
        <duration>120</duration>
        <instrument id="I1-2" />
        <voice>2</voice>
        <type>quarter</type>
        <notations>
          <slur number="2" type="stop" />
        </notations>
      </note>
      <note>
        <pitch>
          <step>E</step>
          <octave>3</octave>
        </pitch>
        <duration>120</duration>
        <instrument id="I1-2" />
        <voice>2</voice>
        <type>quarter</type>
        <notations>
          <slur number="2" type="start" />
        </notations>
      </note>
      <note>
        <pitch>
          <step>G</step>
          <octave>3</octave>
        </pitch>
        <duration>120</duration>
        <instrument id="I1-2" />
        <voice>2</voice>
        <type>quarter</type>
        <notations>
          <slur number="2" type="stop" />
        </notations>
      </note>
      <note>
        <pitch>
          <step>G</step>
          <octave>3</octave>
        </pitch>
        <duration>120</duration>
        <instrument id="I1-2" />
        <voice>2</voice>
        <type>quarter</type>
        <notations>
          <slur number="2" type="start" />
        </notations>
      </note>
      <note>
        <pitch>
          <step>F</step>
          <alter>1</alter>
          <octave>3</octave>
        </pitch>
        <duration>120</duration>
        <instrument id="I1-2" />
        <voice>2</voice>
        <type>quarter</type>
        <notations>
          <slur number="2" type="stop" />
        </notations>
      </note>
      <backup>
        <duration>720</duration>
      </backup>
      <note>
        <pitch>
          <step>G</step>
          <octave>2</octave>
        </pitch>
        <duration>240</duration>
        <instrument id="I1-3" />
        <voice>3</voice>
        <type>half</type>
      </note>
      <note>
        <pitch>
          <step>A</step>
          <octave>2</octave>
        </pitch>
        <duration>240</duration>
        <instrument id="I1-3" />
        <voice>3</voice>
        <type>half</type>
      </note>
      <note print-object="no">
        <rest />
        <duration>240</duration>
        <voice>3</voice>
        <type>half</type>
      </note>
    </measure>
    <measure number="32">
      <note>
        <pitch>
          <step>C</step>
          <alter>1</alter>
          <octave>4</octave>
        </pitch>
        <duration>120</duration>
        <instrument id="I1-1" />
        <voice>1</voice>
        <type>quarter</type>
        <notations>
          <slur number="1" type="start" />
        </notations>
      </note>
      <note>
        <pitch>
          <step>D</step>
          <octave>4</octave>
        </pitch>
        <duration>120</duration>
        <instrument id="I1-1" />
        <voice>1</voice>
        <type>quarter</type>
        <notations>
          <slur number="1" type="stop" />
        </notations>
      </note>
      <note>
        <pitch>
          <step>F</step>
          <alter>1</alter>
          <octave>3</octave>
        </pitch>
        <duration>480</duration>
        <instrument id="I1-1" />
        <voice>1</voice>
        <type>whole</type>
      </note>
      <note>
        <chord />
        <pitch>
          <step>D</step>
          <octave>4</octave>
        </pitch>
        <duration>480</duration>
        <instrument id="I1-1" />
        <voice>1</voice>
        <type>whole</type>
      </note>
      <barline location="right">
        <bar-style>light-heavy</bar-style>
        <repeat direction="backward" />
      </barline>
      <backup>
        <duration>720</duration>
      </backup>
      <note>
        <pitch>
          <step>D</step>
          <octave>2</octave>
        </pitch>
        <duration>240</duration>
        <instrument id="I1-2" />
        <voice>2</voice>
        <type>half</type>
      </note>
      <note>
        <chord />
        <pitch>
          <step>A</step>
          <octave>2</octave>
        </pitch>
        <duration>240</duration>
        <instrument id="I1-2" />
        <voice>2</voice>
        <type>half</type>
      </note>
      <note>
        <chord />
        <pitch>
          <step>F</step>
          <alter>1</alter>
          <octave>3</octave>
        </pitch>
        <duration>240</duration>
        <instrument id="I1-2" />
        <voice>2</voice>
        <type>half</type>
      </note>
      <note print-object="no">
        <rest />
        <duration>480</duration>
        <voice>2</voice>
        <type>whole</type>
      </note>
      <barline location="right">
        <bar-style>light-heavy</bar-style>
        <repeat direction="backward" />
      </barline>
    </measure>
  </part>
</score-partwise>
